{"TP53": [-0.16947567628869364, -0.12316963064447578, -0.1418367998254629, 0.07023173941731355, 0.02300229935871014], "KRAS": [0.06291370833154324, 0.0574168661359037, -0.06557731064845544, -0.009934975382217522, -0.20255406053300662], "EGFR": [-0.04321692891140166, 0.20855744814353994, 0.03303780270219369, -0.09574100320198958, 0.10945432744385275], "BRCA1": [0.1647428001311978, -0.04581337461673793, -0.0427019907592999, -0.009865120087307432, 0.1311355067249701]}